AGP_Mercola_Food,2013
American_Gut_random_strangers,1843
American_Gut_round1,1925
American_Gut_round2,1978
American_Gut_round3,2006
American_Gut_round4,2037
American_Gut_round5_rerun,2065
American_Gut_round6_reseq,2191
American_Gut_round7,2186
American_gut_round_6,2135
American_gut_round_8,2234
Antonopoulos_Fermilab_Spatial_Study,990
Ballor_saline_environments,1580
Barott_coralreef_benthos_virome,910
Bates_global_dist_archaea_soils,928
Bates_lichen_symbiosis,929
Baum_vaginal_ring_inserts,1259
Berry_MA_pond_sediment_profiles,1622
Biddle_Ocean_Drilling_Program_Leg_201,810
Biddle_Pavilion_Lake_microbialite,809
Bifido,967
Bobe_PGP,1189
Bokulich_NAB_V4_5_Dairy_Swabs,1884
Bokulich_NAB_V4_5_NICU_SWABS,1798
Bokulich_NAB_V4_6_Wine,2019
Bouskill_PR_Rainforest,1005
Bowatte_NZ_FreeAirCarbonEnrichment,659
Bowers_storm_peak_air,314
Brazelton_Serpentinite_Seeps,713
Bushman_enterotypes_COMBO,1011
Bushman_enterotypes_cafe,1010
CaporasoIlluminaPNAS2011_3prime,721
CaporasoIlluminaPNAS2011_5prime,722
Caporaso_Glen_Canyon_soils,1526
Caporaso_Illumina_comp_HiSeq,1683
Caporaso_Illumina_comp_MiSeq,1684
Caporaso_illumina_time_series,550
Caporaso_yellowstone_gradients,925
CareySquirrels,926
Caroll_Storage_study,1561
Cary_NZTABS_antarctic_soil,1035
Catlin_Arctic_Survey_2010_L3,723
Charlson_cigarette_smokers,524
Chu_Changbai_mountain_soils,1702
Chu_arctic_soils,104
Chu_tibetan_lake_sediments,1627
Claesson_elderly_gut,486
Clemente_rice_soil_roots,1642
Cohabiting_amphibians,668
Costello_snakes,391
Costello_whole_body_sites,449
Costello_whole_body_transplant,450
Crawford_mice,451
Crump_Arctic_LTREB_main,1883
Davalos_Dumont_bat_fecal_microbiome,1734
Defilippo_children_and_diets,496
Delsuc_microbiant,1056
Dominguez_PR_platanal,1774
Dominguez_bello_babies,395
Dubinsky_Hawaii_Kohala,1579
Eilers_soils,213
Engel_MetaMicroBiome_soils_Canada,632
EnglishChannel10MillionDec2007,866
Ercolini_ObeseSaliva,958
Ercolini_Whole_Grain_feces,1481
Ezenwa_Cape_Buffalo,1736
Fierer_forensic_hand_mouse,393
Fierer_forensic_keyboard,232
Fierer_undergraduate_palms,317
Flores_Residential_Kitchen_Microbiology,1566
Flores_restroom_surface_biogeography,1335
Forsman_swallow_egg_nest_round_1,1098
Frank_nasal,1967
Friedman_arctic_peat_soil,1692
GN_microbial_mat_454,1200
GN_microbial_mat_Sanger,1199
Gasser_Kilauea_geothermal,895
Gasser_MWC_catchment_microbes,894
Gevers_CCFA_RISK,1939
Gevers_CCFA_RISK_extra_stool_samples,1998
Gibbons_Tongue_river_sediment,807
Gilbert_Bergen_mesocosm,1222
Gittel_CryoCARB_2_permafrost,1034
Green_hospital_air,1345
Grossart_German_lake_water_sediment,945
Gut_microbiota_Colombians,1763
HIV_stool_Palmer_miseq,1700
HMP_v13,968
HMP_v35,969
Haig_WaterPurif_temp_spat,755
Hale_Folivorous_primates_HiSeq,1696
Hale_Folivorous_primates_MiSeq,2182
Hallam_Longterm_soil_productivity,1037
Hammer_Heliconius_butterfly,1898
Hofmockel_TempleTX_native_exotic_ppt_soils,1289
Hulth_Gullmarfjord_sediment,905
Hultman_Geochemical_Landscapes_permafrost,1036
Jakobsson_short_term_antibiotic,539
Jansson_Alaskan_fire_chrono_Tanana,1030
Jansson_Gulf_Oil_Spill,1197
Jansson_LDRD_Biological_Carbon_Sequestration,1043
Jansson_Polluted_Polar_Coastal_Sediments,1198
Jansson_twins_ibd,1070
Jeon_korea_house,2025
Jones_Hawaiian_Insects,1737
Jones_fleas,316
Jurelevicius_Rio_de_Janeiro_Coastline,1039
Jurelivicius_Antarctic_cleanup,776
Kashyap_fut2_16S,1452
Kashyap_justin_nature,1958
Kelley_Newborn_ICU_Study,386
Kelley_office_contamination,1479
Knight_ABTX_r4_comp,2045
Knight_IQBIO_2013,1795
Knight_Resident_evil,1718
Knight_Shenzhen,1521
Knight_Sloan_Demo,1742
Knight_komodo,1747
Knight_skin_biogeography,1748
Koenig_infant_time_series,101
Koren_Changes_during_Pregnancy,867
Koren_oral_gut_plaque,349
Kostic_colorectal_cancer_fusobacterium,1457
LHMP_Colorado,959
LHMP_Indiana_V13,1069
LHMP_Michigan_V13,1194
LHMP_Michigan_V35,1066
LHMP_Pittsburgh_new2,1536
LHMP_UCSF_V13,1437
LHMP_UCSF_V35,1438
LHMP_UPenn,1020
LaRoche_EPOCA_Svalbard2010_mesocosm,1235
Lauber_88_soils,103
Laverock_ocean_acidification,678
Leff_forty_homes_HiSeq,1772
Leff_forty_homes_MiSeq,1802
Leff_fruits_and_vegetables,1671
Leff_tropical_rain_forest_soil,816
Lipson_ice_wedge_polygon,1578
MacRaeCrerar_Mongolia_soil,864
Maize_microbiome,1792
Martinez_Resistant_starches,495
McMahon_MendotaLake_timeseries,1242
McMahon_Temperate_Bog_Lakes,1288
Metcalf_Carter_decomposing_soil_July_2012,1609
Metcalf_Mouse_Decomp_2011_16S,714
Metcalf_Mouse_Decomp_2011_16S_PacBio,1996
Metcalf_Mouse_Decomp_2011_18S,1889
Metcalf_Mouse_Decomp_2011_18S_PacBio,1997
Metcalf_SanDiegoZoo_folivorus_primate,1453
Mladenov_bangladesh_arsenic,130
Mocali_Tillage_impact_on_soil_quality,846
Momozawa_colon_biopsies_and_stool,966
Moore_Yucatan_cenotes,861
MorganKiss_Dry_Valley_Lake_communities,638
Muegge_mammals_paper_human_samples_16S,625
Muegge_mammals_paper_mammal_samples_16S,626
MyD88_Backhed,802
Myrold_Alder_Fir,1031
Myrold_Oregon_transect,1038
NAFLD_Henao,909
NEON_Soil_16S,619
NEON_soils_EMP_Pilot,808
Nemergut_costa_rica_soils,397
Nemergut_wildfire_soils,2223
Neufeld_Craibstone_pH_study_soil,805
Pace_NYCsubway_aerosol,2029
Papa_IBD_children,1458
Parfrey_euk_testing_samples_515_806,1517
Peccia_Hand_biogeography_V34,1663
Peccia_Hand_biogeography_V35,1563
Peralta_birds,1632
Peralta_starlings,1694
Pfister_Intertidal_microbe_16s,662
Rao_Thar_desert_microbes,829
Ravel_reproductive_women_vagina,509
Rawls_zebrafish_fatty_acid_absorption,1192
Relman_antibiotic_timeseries,494
Ridaura_Cohousing_Discordant_Humanized_Mice_FLX,1523
Ridaura_Cohousing_Discordant_Humanized_Mice_Titanium,1522
Robinson_English_ChannelL4_time_series_2009_2010,1240
Rockne_GreatLakesmicrobialdiversity,1041
Rohwer_Mission_Bay_sediment_viromes,1673
Rosenbaum_ankylozing_spondylitis_rats,1089
Rousk_ph_gradient,94
SKennedy_Cannabis_soils,1001
Sevinsky_luca_coalbeds,1067
Shade_bog_lakes,1552
SmithMI_MalawiTwins_transplants_196,1503
Sokol_IBD_dysfunction,1460
Song_2012_family_study,797
Song_ColoradoFish,940
Spirito_Monensin_Cow_Hindgut,1621
Stahringer_colorado_twin_saliva,1026
Thomas_CMB_Australia_kelp_soil,933
Thomas_barley_soil,1721
Thomas_sponge_communities,1740
Turnbaugh_hmice_assembly,452
Turnbaugh_hmice_biogeography,453
Turnbaugh_hmice_conventionally_raised,454
Turnbaugh_hmice_frozen_donor,455
Turnbaugh_hmice_generation_one,456
Turnbaugh_hmice_generation_two,457
Turnbaugh_hmice_human_twins,458
Turnbaugh_hmice_humanized_mouse_donor,459
Turnbaugh_twins_moafts_v2,77
Vaishnava_RegIIIg,742
Vijay_kumar_tlr5_ko_mice,460
Wehrle_Panama_iguana,963
Yatsunenko_global_gut_illumina,850
Yatsunenko_malawi_twins_V4,1529
bokulich_quality_dataset10,1690
bokulich_quality_dataset2,1685
bokulich_quality_dataset3_for,1686
bokulich_quality_dataset5,1687
bokulich_quality_dataset6_for,1688
bokulich_quality_dataset9,1689
mcnulty_FMP_Twins,803
